{"name":"sampleTestOnTheGoogleDrive","testCaseName":"samles.GoogleDriveTestCase","testSteps":[{"number":1,"description":"Insatantiate app: <span class='step-parameter'>org.arachnidium.util.configuration.Configuration$$EnhancerByCGLIB$$8c85558c@dd05255</span>","duration":11218,"startTime":1409080183627,"screenshots":[{"screenshot":"picture_cbd44e1f-9a6d-4b82-a80b-49cc9445836b.png"}],"result":"SUCCESS","firstScreenshot":{"screenshot":"picture_cbd44e1f-9a6d-4b82-a80b-49cc9445836b.png"}},{"number":2,"description":"Login: <span class='step-parameter'>ArachnidiumTester, ArachnidTester123</span>","duration":7616,"startTime":1409080194846,"screenshots":[{"screenshot":"picture_ee1e9c8a-b83a-450f-b69b-e626b09d479f.png"},{"screenshot":"picture_efdebaf3-1005-442f-a71d-b2b41319996d.png"},{"screenshot":"picture_be73f510-cf4f-4ace-ab74-b4831b23dde8.png"},{"screenshot":"picture_3f8c7856-7368-47a1-9dbf-ceeded4b7184.png"},{"screenshot":"picture_a337f4ad-88a8-47cf-8602-dbabbe938294.png"},{"screenshot":"picture_7b89a6dd-ee65-422e-b12c-7c3dc14a9b98.png"}],"result":"SUCCESS","firstScreenshot":{"screenshot":"picture_ee1e9c8a-b83a-450f-b69b-e626b09d479f.png"}},{"number":3,"description":"Start share","duration":5136,"startTime":1409080202464,"screenshots":[{"screenshot":"picture_2412aaaf-3000-49ea-8ea4-8562fc53e1d3.png"}],"result":"SUCCESS","firstScreenshot":{"screenshot":"picture_2412aaaf-3000-49ea-8ea4-8562fc53e1d3.png"}},{"number":4,"description":"Set invite email: <span class='step-parameter'>arachnidiumtester@gmail.com</span>","duration":3456,"startTime":1409080207606,"result":"SUCCESS"},{"number":5,"description":"Click cancel","duration":2038,"startTime":1409080211063,"screenshots":[{"screenshot":"picture_f4077b42-00ff-44ee-89bf-b0498a9274a5.png"}],"result":"SUCCESS","firstScreenshot":{"screenshot":"picture_f4077b42-00ff-44ee-89bf-b0498a9274a5.png"}},{"number":6,"description":"Click finish share","duration":1860,"startTime":1409080213102,"screenshots":[{"screenshot":"picture_02f8e6f8-b9fa-4801-a745-316c9de4c4e7.png"}],"result":"SUCCESS","firstScreenshot":{"screenshot":"picture_02f8e6f8-b9fa-4801-a745-316c9de4c4e7.png"}},{"number":7,"description":"Log out","duration":5018,"startTime":1409080214963,"screenshots":[{"screenshot":"picture_9a93daf7-b4f4-41ea-873d-4bbf074b97fa.png"},{"screenshot":"picture_2c8e8da6-a55d-4952-a7ab-a8ab549dd665.png"}],"result":"SUCCESS","firstScreenshot":{"screenshot":"picture_9a93daf7-b4f4-41ea-873d-4bbf074b97fa.png"}},{"number":8,"description":"Quit","duration":1294,"startTime":1409080219999,"result":"SUCCESS"}],"userStory":{"id":"samles.GoogleDriveTestCase","storyName":"Google drive test case","storyClassName":"samles.GoogleDriveTestCase","path":"samles","type":"story"},"title":"Sample test on the google drive","tags":[{"name":"Google drive test case","type":"story"}],"startTime":1409080183466,"duration":37833,"manual":false,"result":"SUCCESS"}