<acceptance-test-run title="Sample test on the google drive" name="sampleTestOnTheGoogleDrive" steps="9" successful="9" failures="0" skipped="0" ignored="0" pending="0" result="SUCCESS" duration="46295" timestamp="2014-10-19T17:21:19.442+04:00">
  <user-story id="samles.GoogleDriveTestCase" name="Google drive test case" path="samles"/>
  <tags>
    <tag name="Google drive test case" type="story"/>
  </tags>
  <test-step result="SUCCESS" duration="12768">
    <screenshots>
      <screenshot image="picture_8874b386-a6c4-49a5-b0a5-36cbff8cd82f.png"/>
    </screenshots>
    <description>Insatantiate app: &lt;span class=&apos;step-parameter&apos;&gt;webdriver: {driverName=chrome} ; webDriverTimeOuts: {implicitlyWait=10, pageLoadTimeout=20, setScriptTimeout=10, timeUnit=SECONDS} ; &lt;/span&gt;</description>
  </test-step>
  <test-step result="SUCCESS" duration="11605">
    <screenshots>
      <screenshot image="picture_d807cfc2-7e8b-44fa-a740-a5eb786b57cf.png"/>
      <screenshot image="picture_45336132-7417-4b8a-930e-93bd27afdda5.png"/>
      <screenshot image="picture_513b7039-1d2f-4d58-8fc5-911a4af8a288.png"/>
      <screenshot image="picture_2a168cad-bb2d-40e8-bb86-7e16c241a4c8.png"/>
      <screenshot image="picture_712e5456-5a37-4fec-a030-7ad1d8c0b7e8.png"/>
      <screenshot image="picture_ab9ddf4f-a736-4359-a99d-65650f210727.png"/>
    </screenshots>
    <description>Login: &lt;span class=&apos;step-parameter&apos;&gt;ArachnidiumTester, ArachnidTester123&lt;/span&gt;</description>
  </test-step>
  <test-step result="SUCCESS" duration="4220">
    <screenshots>
      <screenshot image="picture_327adf24-f8a9-48d8-80c0-ec1299b526bf.png"/>
    </screenshots>
    <description>Start share</description>
  </test-step>
  <test-step result="SUCCESS" duration="2391">
    <screenshots>
      <screenshot image="picture_3513c5a5-ec40-46b7-9e35-d68312b0435c.png"/>
    </screenshots>
    <description>Click on manage permissions</description>
  </test-step>
  <test-step result="SUCCESS" duration="4115">
    <screenshots>
      <screenshot image="picture_740c0409-37d2-4fb8-a084-a36d2f8c5be6.png"/>
    </screenshots>
    <description>Set invite email: &lt;span class=&apos;step-parameter&apos;&gt;arachnidiumtester@gmail.com&lt;/span&gt;</description>
  </test-step>
  <test-step result="SUCCESS" duration="2206">
    <screenshots>
      <screenshot image="picture_fa40b463-8bbc-441f-980d-2d499c1aa403.png"/>
    </screenshots>
    <description>Click cancel</description>
  </test-step>
  <test-step result="SUCCESS" duration="2123">
    <screenshots>
      <screenshot image="picture_7a0b0a3f-91af-479c-a52f-c646f555749c.png"/>
    </screenshots>
    <description>Click finish share</description>
  </test-step>
  <test-step result="SUCCESS" duration="5196">
    <screenshots>
      <screenshot image="picture_ae13bcc4-2be3-4347-bf40-4b4a1c0e0c85.png"/>
      <screenshot image="picture_8da100a3-5ba4-4548-aa6e-1aab34c83485.png"/>
    </screenshots>
    <description>Log out</description>
  </test-step>
  <test-step result="SUCCESS" duration="1521">
    <description>Quit</description>
  </test-step>
</acceptance-test-run>