{"name":"sampleTestOnTheGoogleDrive","testCaseName":"samles.GoogleDriveTestCase","testSteps":[{"number":1,"description":"Insatantiate app: <span class='step-parameter'>org.arachnidium.util.configuration.Configuration$$EnhancerByCGLIB$$8c85558c@dd05255</span>","duration":9992,"startTime":1409161045169,"screenshots":[{"screenshot":"picture_8657744f-0983-4ba5-838b-75fee6cbcc4c.png"}],"result":"SUCCESS","firstScreenshot":{"screenshot":"picture_8657744f-0983-4ba5-838b-75fee6cbcc4c.png"}},{"number":2,"description":"Login: <span class='step-parameter'>ArachnidiumTester, ArachnidTester123</span>","duration":9996,"startTime":1409161055165,"screenshots":[{"screenshot":"picture_042f986f-15fb-4922-a0cb-b1c36e3f9c21.png"},{"screenshot":"picture_c65d714d-c6ae-4b02-96fe-b7102b487af4.png"},{"screenshot":"picture_b09e25f8-7446-4ce1-bab3-4c142aa00f8c.png"},{"screenshot":"picture_a05cd388-c0dd-4231-b674-c37d63963e4f.png"},{"screenshot":"picture_25ab3c3f-352f-4279-b31d-9cdc74d71dc2.png"},{"screenshot":"picture_2f500b0c-69ca-4050-b836-1239eb1ed3e0.png"}],"result":"SUCCESS","firstScreenshot":{"screenshot":"picture_042f986f-15fb-4922-a0cb-b1c36e3f9c21.png"}},{"number":3,"description":"Start share","duration":3908,"startTime":1409161065165,"screenshots":[{"screenshot":"picture_342b2aa7-e914-4b92-b23f-eead4ab3df4d.png"}],"result":"SUCCESS","firstScreenshot":{"screenshot":"picture_342b2aa7-e914-4b92-b23f-eead4ab3df4d.png"}},{"number":4,"description":"Set invite email: <span class='step-parameter'>arachnidiumtester@gmail.com</span>","duration":3814,"startTime":1409161069077,"screenshots":[{"screenshot":"picture_cfc3f9ba-7f34-4651-9218-ea661fa506cf.png"}],"result":"SUCCESS","firstScreenshot":{"screenshot":"picture_cfc3f9ba-7f34-4651-9218-ea661fa506cf.png"}},{"number":5,"description":"Click cancel","duration":2031,"startTime":1409161072892,"screenshots":[{"screenshot":"picture_017e43d2-8a1e-4757-9129-1ef5cbb7e70f.png"}],"result":"SUCCESS","firstScreenshot":{"screenshot":"picture_017e43d2-8a1e-4757-9129-1ef5cbb7e70f.png"}},{"number":6,"description":"Click finish share","duration":1955,"startTime":1409161074925,"screenshots":[{"screenshot":"picture_cd8969fd-9788-481c-a5e8-ec6692018091.png"}],"result":"SUCCESS","firstScreenshot":{"screenshot":"picture_cd8969fd-9788-481c-a5e8-ec6692018091.png"}},{"number":7,"description":"Log out","duration":5266,"startTime":1409161076881,"screenshots":[{"screenshot":"picture_97895319-1700-44c7-a453-4493abafca9d.png"},{"screenshot":"picture_3030f003-afd0-4c5c-a42d-587375137a66.png"}],"result":"SUCCESS","firstScreenshot":{"screenshot":"picture_97895319-1700-44c7-a453-4493abafca9d.png"}},{"number":8,"description":"Quit","duration":1333,"startTime":1409161082181,"result":"SUCCESS"}],"userStory":{"id":"samles.GoogleDriveTestCase","storyName":"Google drive test case","storyClassName":"samles.GoogleDriveTestCase","path":"samles","type":"story"},"title":"Sample test on the google drive","tags":[{"name":"Google drive test case","type":"story"}],"startTime":1409161045008,"duration":38511,"manual":false,"result":"SUCCESS"}