{"name":"sampleTestOnTheGoogleDrive","testCaseName":"samles.GoogleDriveTestCase","testSteps":[{"number":1,"description":"Insatantiate app: <span class='step-parameter'>webdriver: {driverName=chrome} ; webDriverTimeOuts: {implicitlyWait=10, pageLoadTimeout=20, setScriptTimeout=10, timeUnit=SECONDS} ; </span>","duration":12768,"startTime":1413724879553,"screenshots":[{"screenshot":"picture_8874b386-a6c4-49a5-b0a5-36cbff8cd82f.png"}],"result":"SUCCESS","firstScreenshot":{"screenshot":"picture_8874b386-a6c4-49a5-b0a5-36cbff8cd82f.png"}},{"number":2,"description":"Login: <span class='step-parameter'>ArachnidiumTester, ArachnidTester123</span>","duration":11605,"startTime":1413724892323,"screenshots":[{"screenshot":"picture_d807cfc2-7e8b-44fa-a740-a5eb786b57cf.png"},{"screenshot":"picture_45336132-7417-4b8a-930e-93bd27afdda5.png"},{"screenshot":"picture_513b7039-1d2f-4d58-8fc5-911a4af8a288.png"},{"screenshot":"picture_2a168cad-bb2d-40e8-bb86-7e16c241a4c8.png"},{"screenshot":"picture_712e5456-5a37-4fec-a030-7ad1d8c0b7e8.png"},{"screenshot":"picture_ab9ddf4f-a736-4359-a99d-65650f210727.png"}],"result":"SUCCESS","firstScreenshot":{"screenshot":"picture_d807cfc2-7e8b-44fa-a740-a5eb786b57cf.png"}},{"number":3,"description":"Start share","duration":4220,"startTime":1413724903937,"screenshots":[{"screenshot":"picture_327adf24-f8a9-48d8-80c0-ec1299b526bf.png"}],"result":"SUCCESS","firstScreenshot":{"screenshot":"picture_327adf24-f8a9-48d8-80c0-ec1299b526bf.png"}},{"number":4,"description":"Click on manage permissions","duration":2391,"startTime":1413724908159,"screenshots":[{"screenshot":"picture_3513c5a5-ec40-46b7-9e35-d68312b0435c.png"}],"result":"SUCCESS","firstScreenshot":{"screenshot":"picture_3513c5a5-ec40-46b7-9e35-d68312b0435c.png"}},{"number":5,"description":"Set invite email: <span class='step-parameter'>arachnidiumtester@gmail.com</span>","duration":4115,"startTime":1413724910552,"screenshots":[{"screenshot":"picture_740c0409-37d2-4fb8-a084-a36d2f8c5be6.png"}],"result":"SUCCESS","firstScreenshot":{"screenshot":"picture_740c0409-37d2-4fb8-a084-a36d2f8c5be6.png"}},{"number":6,"description":"Click cancel","duration":2206,"startTime":1413724914668,"screenshots":[{"screenshot":"picture_fa40b463-8bbc-441f-980d-2d499c1aa403.png"}],"result":"SUCCESS","firstScreenshot":{"screenshot":"picture_fa40b463-8bbc-441f-980d-2d499c1aa403.png"}},{"number":7,"description":"Click finish share","duration":2123,"startTime":1413724916875,"screenshots":[{"screenshot":"picture_7a0b0a3f-91af-479c-a52f-c646f555749c.png"}],"result":"SUCCESS","firstScreenshot":{"screenshot":"picture_7a0b0a3f-91af-479c-a52f-c646f555749c.png"}},{"number":8,"description":"Log out","duration":5196,"startTime":1413724919000,"screenshots":[{"screenshot":"picture_ae13bcc4-2be3-4347-bf40-4b4a1c0e0c85.png"},{"screenshot":"picture_8da100a3-5ba4-4548-aa6e-1aab34c83485.png"}],"result":"SUCCESS","firstScreenshot":{"screenshot":"picture_ae13bcc4-2be3-4347-bf40-4b4a1c0e0c85.png"}},{"number":9,"description":"Quit","duration":1521,"startTime":1413724924211,"result":"SUCCESS"}],"userStory":{"id":"samles.GoogleDriveTestCase","storyName":"Google drive test case","storyClassName":"samles.GoogleDriveTestCase","path":"samles","type":"story"},"title":"Sample test on the google drive","tags":[{"name":"Google drive test case","type":"story"}],"startTime":1413724879442,"duration":46295,"manual":false,"result":"SUCCESS"}