<acceptance-test-run title="Sample test on the google drive" name="sampleTestOnTheGoogleDrive" steps="8" successful="8" failures="0" skipped="0" ignored="0" pending="0" result="SUCCESS" duration="37833" timestamp="2014-08-26T23:09:43.466+04:00">
  <user-story id="samles.GoogleDriveTestCase" name="Google drive test case" path="samles"/>
  <tags>
    <tag name="Google drive test case" type="story"/>
  </tags>
  <test-step result="SUCCESS" duration="11218">
    <screenshots>
      <screenshot image="picture_cbd44e1f-9a6d-4b82-a80b-49cc9445836b.png"/>
    </screenshots>
    <description>Insatantiate app: &lt;span class=&apos;step-parameter&apos;&gt;org.arachnidium.util.configuration.Configuration$$EnhancerByCGLIB$$8c85558c@dd05255&lt;/span&gt;</description>
  </test-step>
  <test-step result="SUCCESS" duration="7616">
    <screenshots>
      <screenshot image="picture_ee1e9c8a-b83a-450f-b69b-e626b09d479f.png"/>
      <screenshot image="picture_efdebaf3-1005-442f-a71d-b2b41319996d.png"/>
      <screenshot image="picture_be73f510-cf4f-4ace-ab74-b4831b23dde8.png"/>
      <screenshot image="picture_3f8c7856-7368-47a1-9dbf-ceeded4b7184.png"/>
      <screenshot image="picture_a337f4ad-88a8-47cf-8602-dbabbe938294.png"/>
      <screenshot image="picture_7b89a6dd-ee65-422e-b12c-7c3dc14a9b98.png"/>
    </screenshots>
    <description>Login: &lt;span class=&apos;step-parameter&apos;&gt;ArachnidiumTester, ArachnidTester123&lt;/span&gt;</description>
  </test-step>
  <test-step result="SUCCESS" duration="5136">
    <screenshots>
      <screenshot image="picture_2412aaaf-3000-49ea-8ea4-8562fc53e1d3.png"/>
    </screenshots>
    <description>Start share</description>
  </test-step>
  <test-step result="SUCCESS" duration="3456">
    <description>Set invite email: &lt;span class=&apos;step-parameter&apos;&gt;arachnidiumtester@gmail.com&lt;/span&gt;</description>
  </test-step>
  <test-step result="SUCCESS" duration="2038">
    <screenshots>
      <screenshot image="picture_f4077b42-00ff-44ee-89bf-b0498a9274a5.png"/>
    </screenshots>
    <description>Click cancel</description>
  </test-step>
  <test-step result="SUCCESS" duration="1860">
    <screenshots>
      <screenshot image="picture_02f8e6f8-b9fa-4801-a745-316c9de4c4e7.png"/>
    </screenshots>
    <description>Click finish share</description>
  </test-step>
  <test-step result="SUCCESS" duration="5018">
    <screenshots>
      <screenshot image="picture_9a93daf7-b4f4-41ea-873d-4bbf074b97fa.png"/>
      <screenshot image="picture_2c8e8da6-a55d-4952-a7ab-a8ab549dd665.png"/>
    </screenshots>
    <description>Log out</description>
  </test-step>
  <test-step result="SUCCESS" duration="1294">
    <description>Quit</description>
  </test-step>
</acceptance-test-run>