<acceptance-test-run title="Sample test on the google drive" name="sampleTestOnTheGoogleDrive" steps="8" successful="8" failures="0" skipped="0" ignored="0" pending="0" result="SUCCESS" duration="38511" timestamp="2014-08-27T21:37:25.008+04:00">
  <user-story id="samles.GoogleDriveTestCase" name="Google drive test case" path="samles"/>
  <tags>
    <tag name="Google drive test case" type="story"/>
  </tags>
  <test-step result="SUCCESS" duration="9992">
    <screenshots>
      <screenshot image="picture_8657744f-0983-4ba5-838b-75fee6cbcc4c.png"/>
    </screenshots>
    <description>Insatantiate app: &lt;span class=&apos;step-parameter&apos;&gt;org.arachnidium.util.configuration.Configuration$$EnhancerByCGLIB$$8c85558c@dd05255&lt;/span&gt;</description>
  </test-step>
  <test-step result="SUCCESS" duration="9996">
    <screenshots>
      <screenshot image="picture_042f986f-15fb-4922-a0cb-b1c36e3f9c21.png"/>
      <screenshot image="picture_c65d714d-c6ae-4b02-96fe-b7102b487af4.png"/>
      <screenshot image="picture_b09e25f8-7446-4ce1-bab3-4c142aa00f8c.png"/>
      <screenshot image="picture_a05cd388-c0dd-4231-b674-c37d63963e4f.png"/>
      <screenshot image="picture_25ab3c3f-352f-4279-b31d-9cdc74d71dc2.png"/>
      <screenshot image="picture_2f500b0c-69ca-4050-b836-1239eb1ed3e0.png"/>
    </screenshots>
    <description>Login: &lt;span class=&apos;step-parameter&apos;&gt;ArachnidiumTester, ArachnidTester123&lt;/span&gt;</description>
  </test-step>
  <test-step result="SUCCESS" duration="3908">
    <screenshots>
      <screenshot image="picture_342b2aa7-e914-4b92-b23f-eead4ab3df4d.png"/>
    </screenshots>
    <description>Start share</description>
  </test-step>
  <test-step result="SUCCESS" duration="3814">
    <screenshots>
      <screenshot image="picture_cfc3f9ba-7f34-4651-9218-ea661fa506cf.png"/>
    </screenshots>
    <description>Set invite email: &lt;span class=&apos;step-parameter&apos;&gt;arachnidiumtester@gmail.com&lt;/span&gt;</description>
  </test-step>
  <test-step result="SUCCESS" duration="2031">
    <screenshots>
      <screenshot image="picture_017e43d2-8a1e-4757-9129-1ef5cbb7e70f.png"/>
    </screenshots>
    <description>Click cancel</description>
  </test-step>
  <test-step result="SUCCESS" duration="1955">
    <screenshots>
      <screenshot image="picture_cd8969fd-9788-481c-a5e8-ec6692018091.png"/>
    </screenshots>
    <description>Click finish share</description>
  </test-step>
  <test-step result="SUCCESS" duration="5266">
    <screenshots>
      <screenshot image="picture_97895319-1700-44c7-a453-4493abafca9d.png"/>
      <screenshot image="picture_3030f003-afd0-4c5c-a42d-587375137a66.png"/>
    </screenshots>
    <description>Log out</description>
  </test-step>
  <test-step result="SUCCESS" duration="1333">
    <description>Quit</description>
  </test-step>
</acceptance-test-run>